candidate,classic_prob,district,party,state
Alyse S. Galvin,28.993999999999996,1,D,AK
Don Young,71.006,1,R,AK
Others,0.0,1,,AK
Terri A. Sewell,100.0,7,D,AL
Danner Kline,0.012,6,D,AL
Gary Palmer,99.988,6,R,AL
Peter Joffrion,0.156,5,D,AL
Mo Brooks,99.844,5,R,AL
Lee Auman,0.0,4,D,AL
Robert B. Aderholt,100.0,4,R,AL
Mallory Hagan,0.22399999999999998,3,D,AL
Mike Rogers,99.776,3,R,AL
Tabitha Isner,2.782,2,D,AL
Martha Roby,97.218,2,R,AL
Robert Kennedy Jr.,0.032,1,D,AL
Bradley Byrne,99.968,1,R,AL
Hayden Shamel,0.042,4,D,AR
Tom Canada,0.0,4,LIB,AR
Bruce Westerman,99.958,4,R,AR
Josh Mahony,0.10200000000000001,3,D,AR
Michael Kalagias,0.0,3,LIB,AR
Steve Womack,99.898,3,R,AR
Clarke Tucker,18.876,2,D,AR
Joe Ryne Swafford,0.0,2,LIB,AR
French Hill,81.124,2,R,AR
Chintan Desai,0.08800000000000001,1,D,AR
Elvis Presley,0.0,1,LIB,AR
Rick Crawford,99.912,1,R,AR
Greg Stanton,99.444,9,D,AZ
Steve Ferrara,0.5559999999999999,9,R,AZ
Hiral Tipirneni,26.44,8,D,AZ
Debbie Lesko,73.56,8,R,AZ
Ruben Gallego,99.996,7,D,AZ
Gary Swing,0.004,7,G,AZ
Anita Malik,12.432,6,D,AZ
David Schweikert,87.568,6,R,AZ
Joan Greene,0.172,5,D,AZ
Andy Biggs,99.82799999999999,5,R,AZ
David Brill,0.046,4,D,AZ
Haryaksha Gregor Knauer,0.004,4,G,AZ
Paul A. Gosar,99.95,4,R,AZ
Raul Grijalva,99.992,3,D,AZ
Nick Pierson,0.008,3,R,AZ
Ann Kirkpatrick,96.31,2,D,AZ
Lea Marquez Peterson,3.6900000000000004,2,R,AZ
Tom O'Halleran,83.69,1,D,AZ
Wendy Rogers,16.31,1,R,AZ
Jerry McNerney,99.91600000000001,9,D,CA
Marla Livengood,0.084,9,R,CA
Paul Cook,96.77,8,R,CA
Tim Donnelly,3.2300000000000004,8,R,CA
Ami Bera,99.31,7,D,CA
Andrew Grant,0.69,7,R,CA
Doris O. Matsui,100.0,6,D,CA
Jrmar Jefferson,0.0,6,D,CA
Susan Davis,99.998,53,D,CA
Morgan Murtaugh,0.002,53,R,CA
Scott Peters,99.91799999999999,52,D,CA
Omar Qudrat,0.082,52,R,CA
Juan Vargas,100.0,51,D,CA
Juan M. Hidalgo Jr.,0.0,51,R,CA
Ammar Campa-Najjar,16.038,50,D,CA
Duncan D. Hunter,83.962,50,R,CA
Mike Thompson,99.96199999999999,5,D,CA
Anthony Mills,0.038,5,I,CA
Mike Levin,94.638,49,D,CA
Diane L. Harkey,5.362,49,R,CA
Harley Rouda,65.61399999999999,48,D,CA
Dana Rohrabacher,34.386,48,R,CA
Alan Lowenthal,99.988,47,D,CA
John Briscoe,0.012,47,R,CA
J. Luis Correa,99.998,46,D,CA
Russell Rene Lambert,0.002,46,R,CA
Katie Porter,69.346,45,D,CA
Mimi Walters,30.653999999999996,45,R,CA
Nanette Diaz Barragán,100.0,44,D,CA
Aja L. Brown,0.0,44,D,CA
Maxine Waters,100.0,43,D,CA
Omar Navarro,0.0,43,R,CA
Julia C. Peacock,2.786,42,D,CA
Ken Calvert,97.214,42,R,CA
Mark Takano,99.97399999999999,41,D,CA
Aja Smith,0.026,41,R,CA
Lucille Roybal-Allard,99.968,40,D,CA
Rodolfo Cortes Barragan,0.032,40,G,CA
Jessica Morse,18.035999999999998,4,D,CA
Tom McClintock,81.964,4,R,CA
Gil Cisneros,50.758,39,D,CA
Young Kim,49.242000000000004,39,R,CA
Linda Sánchez,99.994,38,D,CA
Ryan Downing,0.006,38,R,CA
Karen Bass,100.0,37,D,CA
Ron J. Bassilian,0.0,37,R,CA
Raul Ruiz,99.762,36,D,CA
Kimberlin Brown Pelzer,0.23800000000000002,36,R,CA
Norma Torres,100.0,35,D,CA
Christian Leonel Valiente,0.0,35,R,CA
Jimmy Gomez,99.98,34,D,CA
Kenneth Mejia,0.02,34,G,CA
Ted Lieu,100.0,33,D,CA
Kenneth Weston Wright,0.0,33,R,CA
Grace Napolitano,100.0,32,D,CA
Joshua M. Scott,0.0,32,R,CA
Pete Aguilar,99.842,31,D,CA
Sean Flynn,0.158,31,R,CA
Brad Sherman,100.0,30,D,CA
Mark S. Reed,0.0,30,R,CA
John Garamendi,99.94,3,D,CA
Charlie Schaupp,0.06,3,R,CA
Tony Cárdenas,100.0,29,D,CA
Benito Benny Bernal,0.0,29,R,CA
Adam Schiff,100.0,28,D,CA
Johnny J. Nalbandian,0.0,28,R,CA
Judy Chu,100.0,27,D,CA
Bryan Witt,0.0,27,D,CA
Julia Brownley,99.982,26,D,CA
Antonio Sabato Jr.,0.018000000000000002,26,R,CA
Katie Hill,71.184,25,D,CA
Steve Knight,28.816000000000003,25,R,CA
Salud Carbajal,98.146,24,D,CA
Justin Fareed,1.854,24,R,CA
Tatiana Matta,0.096,23,D,CA
Kevin McCarthy,99.90400000000001,23,R,CA
Andrew Janz,3.108,22,D,CA
Devin Nunes,96.892,22,R,CA
TJ Cox,21.234,21,D,CA
David Valadao,78.766,21,R,CA
Jimmy Panetta,99.934,20,D,CA
Ronald Paul Kabat,0.066,20,I,CA
Jared Huffman,100.0,2,D,CA
Dale K. Mensing,0.0,2,R,CA
Zoe Lofgren,100.0,19,D,CA
Justin James Aguilera,0.0,19,R,CA
Anna G. Eshoo,100.0,18,D,CA
Christine Russell,0.0,18,R,CA
Ro Khanna,100.0,17,D,CA
Ron Cohen,0.0,17,R,CA
Jim Costa,97.94800000000001,16,D,CA
Elizabeth Heng,2.052,16,R,CA
Eric Swalwell,100.0,15,D,CA
Rudy L. Peters Jr.,0.0,15,R,CA
Jackie Speier,100.0,14,D,CA
Cristina Osmeña,0.0,14,R,CA
Barbara Lee,99.998,13,D,CA
Laura Wells,0.002,13,G,CA
Nancy Pelosi,100.0,12,D,CA
Lisa Remmer,0.0,12,R,CA
Mark DeSaulnier,99.998,11,D,CA
John Fitzgerald,0.002,11,R,CA
Josh Harder,76.352,10,D,CA
Jeff Denham,23.648,10,R,CA
Audrey Denney,22.436,1,D,CA
Doug LaMalfa,77.564,1,R,CA
Ed Perlmutter,99.882,7,D,CO
Mark Barrington,0.11800000000000001,7,R,CO
Others,0.0,7,,CO
Jason Crow,86.02199999999999,6,D,CO
Mike Coffman,13.977999999999998,6,R,CO
Others,0.0,6,,CO
Stephany Rose Spaulding,2.3040000000000003,5,D,CO
Doug Lamborn,97.696,5,R,CO
Karen McCormick,4.424,4,D,CO
Ken Buck,95.57600000000001,4,R,CO
Diane Mitsch Bush,44.122,3,D,CO
Scott Tipton,55.87800000000001,3,R,CO
Others,0.0,3,,CO
Joe Neguse,99.926,2,D,CO
Peter Yu,0.074,2,R,CO
Others,0.0,2,,CO
Diana DeGette,99.998,1,D,CO
Charles Casper Stockham,0.002,1,R,CO
Others,0.0,1,,CO
Jahana Hayes,98.224,5,D,CT
Manny Santos,1.7760000000000002,5,R,CT
Jim Himes,99.934,4,D,CT
Harry Arora,0.066,4,R,CT
Rosa L. DeLauro,99.998,3,D,CT
Angel Cadena,0.002,3,R,CT
Joe Courtney,99.97,2,D,CT
Dan Postemski,0.03,2,R,CT
Others,0.0,2,,CT
John B. Larson,99.98599999999999,1,D,CT
Tom McCormick,0.0,1,GRE,CT
Jennifer Nye,0.013999999999999999,1,R,CT
Lisa Blunt Rochester,99.738,1,D,DE
Scott Walker,0.262,1,R,DE
Darren Soto,98.234,9,D,FL
Wayne Liebnitzky,1.7659999999999998,9,R,FL
Sanjay Patel,1.192,8,D,FL
Bill Posey,98.80799999999999,8,R,FL
Stephanie Murphy,93.854,7,D,FL
Mike Miller,6.146,7,R,FL
Nancy Soderberg,27.945999999999998,6,D,FL
Michael Waltz,72.054,6,R,FL
Al Lawson,99.988,5,D,FL
Virginia Fuller,0.012,5,R,FL
"George ""Ges"" Selmont",0.022000000000000002,4,D,FL
John Rutherford,99.978,4,R,FL
Others,0.0,4,,FL
Yvonne Hayes Hinson,1.0959999999999999,3,D,FL
Ted Yoho,98.904,3,R,FL
Donna Shalala,81.744,27,D,FL
Mayra Joli,0.004,27,NPA,FL
Maria Salazar,18.252,27,R,FL
Debbie Mucarsel-Powell,49.784,26,D,FL
Carlos Curbelo,50.21600000000001,26,R,FL
Mary Barzee Flores,28.022000000000002,25,D,FL
Mario Diaz-Balart,71.978,25,R,FL
Frederica Wilson,100.0,24,D,FL
Debbie Wasserman Schultz,99.968,23,D,FL
Joe Kaufman,0.032,23,R,FL
Others,0.0,23,,FL
Ted Deutch,99.942,22,D,FL
Nicolas Kimaz,0.058,22,R,FL
Lois Frankel,100.0,21,D,FL
Alcee L. Hastings,100.0,20,D,FL
Bob Rackleff,0.048,2,D,FL
Neal Dunn,99.952,2,R,FL
David Holden,1.464,19,D,FL
Francis Rooney,98.536,19,R,FL
Lauren Baer,14.027999999999999,18,D,FL
Brian Mast,85.97200000000001,18,R,FL
April Freeman,0.22999999999999998,17,D,FL
Greg Steube,99.77000000000001,17,R,FL
David Shapiro,14.87,16,D,FL
Vern Buchanan,85.13,16,R,FL
Kristen Carlson,43.428,15,D,FL
Ross Spano,56.572,15,R,FL
Kathy Castor,100.0,14,D,FL
Charlie Crist,99.832,13,D,FL
George Buck,0.168,13,R,FL
Chris Hunter,0.592,12,D,FL
Angelika Purkis,0.002,12,NPA,FL
Gus M. Bilirakis,99.406,12,R,FL
Dana Cottrell,0.078,11,D,FL
Daniel Webster,99.922,11,R,FL
Val Demings,100.0,10,D,FL
Jennifer Zimmerman,0.008,1,D,FL
Matt Gaetz,99.992,1,R,FL
Josh McCall,0.0,9,D,GA
Doug Collins,100.0,9,R,GA
Austin Scott,100.0,8,R,GA
Carolyn Bourdeaux,35.378,7,D,GA
Rob Woodall,64.622,7,R,GA
Lucy McBath,24.154,6,D,GA
Karen C. Handel,75.846,6,R,GA
John Lewis,100.0,5,D,GA
Hank Johnson,99.998,4,D,GA
Joe Profit,0.002,4,R,GA
Chuck Enderlin,0.008,3,D,GA
A. Drew Ferguson,99.992,3,R,GA
Sanford D. Bishop Jr.,99.92999999999999,2,D,GA
Herman West Jr.,0.06999999999999999,2,R,GA
Steven Lamar Foster,0.0,14,D,GA
Tom Graves,100.0,14,R,GA
David Scott,100.0,13,D,GA
David Callahan,0.0,13,R,GA
Francys Johnson,1.63,12,D,GA
Rick Allen,98.37,12,R,GA
Flynn D. Broady Jr.,0.055999999999999994,11,D,GA
Barry Loudermilk,99.944,11,R,GA
Tabitha A. Johnson-Green,0.008,10,D,GA
Jody Hice,99.992,10,R,GA
Lisa M. Ring,0.184,1,D,GA
Buddy Carter,99.816,1,R,GA
Tulsi Gabbard,100.0,2,D,HI
Brian Evans,0.0,2,R,HI
Ed Case,99.996,1,D,HI
Cam Cavasso,0.004,1,R,HI
Others,0.0,1,,HI
J.D. Scholten,12.316,4,D,IA
Steve King,87.684,4,R,IA
Others,0.0,4,,IA
Cindy Axne,61.458,3,D,IA
David Young,38.542,3,R,IA
Others,0.0,3,,IA
David Loebsack,98.91799999999999,2,D,IA
Christopher Peters,1.082,2,R,IA
Others,0.0,2,,IA
Abby Finkenauer,96.702,1,D,IA
Troy Hageman,0.002,1,LIB,IA
Rod Blum,3.2960000000000003,1,R,IA
Aaron Swisher,0.152,2,D,ID
Mike Simpson,99.848,2,R,ID
Cristina McNeil,0.614,1,D,ID
Russ Fulcher,99.386,1,R,ID
Others,0.0,1,,ID
Jan Schakowsky,99.996,9,D,IL
John D. Elleson,0.004,9,R,IL
Raja Krishnamoorthi,99.96000000000001,8,D,IL
"Jitendra ""JD"" Diganvker",0.04,8,R,IL
Danny K. Davis,100.0,7,D,IL
Craig Cameron,0.0,7,R,IL
Sean Casten,44.49,6,D,IL
Peter J. Roskam,55.510000000000005,6,R,IL
Mike Quigley,100.0,5,D,IL
Tom Hanson,0.0,5,R,IL
"Jesus ""Chuy"" Garcia",100.0,4,D,IL
Mark Wayne Lorch,0.0,4,R,IL
Daniel Lipinski,99.984,3,D,IL
Arthur J. Jones,0.016,3,R,IL
Robin Kelly,100.0,2,D,IL
David Merkle,0.0,2,R,IL
Junius Rodriguez,0.013999999999999999,18,D,IL
Darin LaHood,99.98599999999999,18,R,IL
Cheri Bustos,99.922,17,D,IL
William W. Fawell,0.078,17,R,IL
Sara Dady,1.6099999999999999,16,D,IL
Adam Kinzinger,98.39,16,R,IL
Kevin Gaither,0.012,15,D,IL
John Shimkus,99.988,15,R,IL
Lauren Underwood,39.434000000000005,14,D,IL
Randy Hultgren,60.565999999999995,14,R,IL
Betsy Dirksen Londrigan,29.364,13,D,IL
Rodney Davis,70.636,13,R,IL
Brendan Kelly,42.68,12,D,IL
Randy Auxier,0.006,12,GRE,IL
Mike Bost,57.314,12,R,IL
Bill Foster,99.97399999999999,11,D,IL
Nick Stella,0.026,11,R,IL
Bradley Schneider,99.97,10,D,IL
Douglas R. Bennett,0.03,10,R,IL
Bobby L. Rush,100.0,1,D,IL
Thomas Rudbeck,0.0,1,IND,IL
Jimmy Lee Tillman II,0.0,1,R,IL
Liz Watson,24.362000000000002,9,D,IN
Trey Hollingsworth,75.638,9,R,IN
William Tanoos,0.5640000000000001,8,D,IN
Larry Bucshon,99.436,8,R,IN
André Carson,99.98,7,D,IN
"Wayne ""Gunny"" Harmon",0.02,7,R,IN
Jeannine Lee Lake,0.07200000000000001,6,D,IN
Tom Ferkinhoff,0.002,6,LIB,IN
Greg Pence,99.926,6,R,IN
Dee Thornton,1.3780000000000001,5,D,IN
Susan W. Brooks,98.622,5,R,IN
Tobi Beck,0.22999999999999998,4,D,IN
Jim Baird,99.77000000000001,4,R,IN
Courtney Tritch,0.23600000000000002,3,D,IN
Jim Banks,99.764,3,R,IN
Mel Hall,4.958,2,D,IN
Jackie Walorski,95.042,2,R,IN
Peter Visclosky,99.988,1,D,IN
Mark Leyva,0.012,1,R,IN
James A. Thompson,2.686,4,D,KS
Ron Estes,97.31400000000001,4,R,KS
Sharice Davids,77.41799999999999,3,D,KS
Chris Clemmons,0.002,3,LIB,KS
Kevin Yoder,22.58,3,R,KS
Paul Davis,52.918,2,D,KS
Kelly Standley,0.0,2,LIB,KS
Steve Watkins,47.082,2,R,KS
Alan LaPolice,0.055999999999999994,1,D,KS
Roger Marshall,99.944,1,R,KS
Amy McGrath,51.153999999999996,6,D,KY
Andy Barr,48.846000000000004,6,R,KY
Others,0.0,6,,KY
Kenneth S. Stepp,0.002,5,D,KY
Harold Rogers,99.998,5,R,KY
Seth Hall,0.068,4,D,KY
Mike Moffett,0.002,4,IND,KY
Thomas Massie,99.92999999999999,4,R,KY
John A. Yarmuth,99.78200000000001,3,D,KY
Gregory Boles,0.0,3,LIB,KY
Vickie Glisson,0.218,3,R,KY
Hank Linderman,0.11199999999999999,2,D,KY
Thomas Loecken,0.0,2,IND,KY
Brett S. Guthrie,99.888,2,R,KY
Paul Walker,0.016,1,D,KY
James Comer,99.984,1,R,KY
Justin DeWitt,0.01,6,D,LA
Andie Saizan,0.002,6,D,LA
Devin Lance Graham,0.0,6,I,LA
Garrett Graves,99.988,6,R,LA
Jessee Carlton Fleenor,0.026,5,D,LA
Ralph Abraham,99.97399999999999,5,R,LA
Others,0.0,5,,LA
Ryan Trundle,0.098,4,D,LA
Mark Halverson,0.002,4,I,LA
Mike Johnson,99.9,4,R,LA
Mimi Methvin,0.042,3,D,LA
Larry Rader,0.002,3,D,LA
Rob Anderson,0.006,3,D,LA
Verone Thomas,0.002,3,D,LA
Aaron Andrus,0.036000000000000004,3,LIB,LA
Clay Higgins,99.488,3,R,LA
Josh Guillory,0.424,3,R,LA
Cedric Richmond,100.0,2,D,LA
Others,0.0,2,,LA
Jim Francis,0.0,1,D,LA
Tammy M. Savoie,0.0,1,D,LA
Lee Ann Dugas,0.0,1,D,LA
Steve Scalise,100.0,1,R,LA
Others,0.0,1,,LA
William Keating,99.634,9,D,MA
Peter D. Tedeschi,0.366,9,R,MA
Stephen F. Lynch,100.0,8,D,MA
Ayanna Pressley,100.0,7,D,MA
Seth Moulton,99.98599999999999,6,D,MA
Mary Jean Charbonneau,0.0,6,IND,MA
Joseph S. Schneider,0.013999999999999999,6,R,MA
Katherine Clark,100.0,5,D,MA
John Hugo,0.0,5,R,MA
Joseph P. Kennedy III,100.0,4,D,MA
Lori Trahan,99.936,3,D,MA
Michael P. Mullen,0.002,3,IND,MA
Rick Green,0.062,3,R,MA
James McGovern,99.992,2,D,MA
Tracy Lovvorn,0.008,2,R,MA
Richard E. Neal,100.0,1,D,MA
Jamie Raskin,99.998,8,D,MD
Jasen Wunder,0.0,8,LIB,MD
John Walsh,0.002,8,R,MD
Elijah Cummings,100.0,7,D,MD
David Griggs,0.0,7,LIB,MD
Richmond Davis,0.0,7,R,MD
David Trone,99.226,6,D,MD
Amie Hoeber,0.774,6,R,MD
Others,0.0,6,,MD
Steny H. Hoyer,100.0,5,D,MD
William A. Devine III,0.0,5,R,MD
Others,0.0,5,,MD
Anthony Brown,100.0,4,D,MD
David Bishop,0.0,4,LIB,MD
George McDermott,0.0,4,R,MD
John P. Sarbanes,99.994,3,D,MD
David Lashar,0.0,3,LIB,MD
Charles Anthony,0.006,3,R,MD
C. A. Dutch Ruppersberger,99.99,2,D,MD
Liz Matory,0.01,2,R,MD
Others,0.0,2,,MD
Jesse Colvin,1.166,1,D,MD
Jenica Martin,0.002,1,LIB,MD
Andy Harris,98.832,1,R,MD
Jared Golden,62.272000000000006,2,D,ME
Bruce Poliquin,37.728,2,R,ME
Others,0.0,2,,ME
Chellie Pingree,99.834,1,D,ME
Marty Grohman,0.0,1,IND,ME
Mark Holbrook,0.166,1,R,ME
Andy Levin,99.544,9,D,MI
Candius Stearns,0.45599999999999996,9,R,MI
Others,0.0,9,,MI
Elissa Slotkin,51.946000000000005,8,D,MI
Mike Bishop,48.054,8,R,MI
Others,0.0,8,,MI
Gretchen Driskell,41.382000000000005,7,D,MI
Tim Walberg,58.618,7,R,MI
Matt Longjohn,13.73,6,D,MI
Stephen J. Young,0.002,6,US Taxpayers,MI
Fred Upton,86.268,6,R,MI
Daniel Kildee,99.95,5,D,MI
Kathy Goodwin,0.0,5,Working Class,MI
Travis Wines,0.05,5,R,MI
Jerry Hilliard,0.28200000000000003,4,D,MI
John Moolenaar,99.71799999999999,4,R,MI
Cathy Albro,2.228,3,D,MI
Ted Gerrard,0.002,3,US Taxpayers,MI
Justin Amash,97.77,3,R,MI
Rob Davidson,7.19,2,D,MI
Ronald E. Graeser,0.002,2,US Taxpayers,MI
Bill Huizenga,92.808,2,R,MI
Brenda Lawrence,100.0,14,D,MI
Philip Kolody,0.0,14,Working Class,MI
Marc S. Herschfus,0.0,14,R,MI
Rashida Tlaib,100.0,13,D,MI
Others,0.0,13,,MI
Debbie Dingell,99.998,12,D,MI
Jeff Jones,0.002,12,R,MI
Others,0.0,12,,MI
Haley Stevens,80.46799999999999,11,D,MI
Lena Epstein,19.532,11,R,MI
Others,0.0,11,,MI
Kimberly Bizon,0.2,10,D,MI
Paul Mitchell,99.8,10,R,MI
Others,0.0,10,,MI
Matt Morgan,15.656,1,D,MI
Jack Bergman,84.344,1,R,MI
Joe Radinovich,19.942,8,D,MN
Ray Skip Sandman,0.008,8,Independence Party,MN
Pete Stauber,80.05,8,R,MN
Collin C. Peterson,92.132,7,D,MN
Dave Hughes,7.868,7,R,MN
Ian Todd,0.152,6,D,MN
Tom Emmer,99.848,6,R,MN
Ilhan Omar,100.0,5,D,MN
Jennifer Zielinski,0.0,5,R,MN
Betty McCollum,99.992,4,D,MN
Susan Pendergast Sindt,0.0,4,Legal Marijuana Now,MN
Greg Ryan,0.008,4,R,MN
Dean Phillips,83.654,3,D,MN
Erik Paulsen,16.346,3,R,MN
Angie Craig,84.966,2,D,MN
Jason Lewis,15.034,2,R,MN
Dan Feehan,44.106,1,D,MN
Jim Hagedorn,55.894,1,R,MN
Kathy Ellis,0.008,8,D,MO
Jonathan Shell,0.0,8,LIB,MO
Jason Smith,99.992,8,R,MO
Jamie Daniel Schoolcraft,0.006,7,D,MO
Benjamin Brixey,0.002,7,LIB,MO
Billy Long,99.992,7,R,MO
Henry Robert Martin,0.044000000000000004,6,D,MO
Dan Hogan,0.0,6,LIB,MO
Sam Graves,99.956,6,R,MO
Emanuel Cleaver,99.91,5,D,MO
Jacob Turk,0.09,5,R,MO
Others,0.0,5,,MO
Renee Hoagenson,0.062,4,D,MO
Mark Bliss,0.002,4,LIB,MO
Vicky Hartzler,99.936,4,R,MO
Katy Geppert,0.013999999999999999,3,D,MO
Donald Stolle,0.0,3,LIB,MO
Blaine Luetkemeyer,99.98599999999999,3,R,MO
Cort VanOstran,14.144000000000002,2,D,MO
Ann Wagner,85.856,2,R,MO
Others,0.0,2,,MO
"William ""Lacy"" Clay Jr.",100.0,1,D,MO
Robb Cunningham,0.0,1,LIB,MO
Robert Vroman,0.0,1,R,MO
Jeramey Anderson,0.7799999999999999,4,D,MS
Lajena Sheets,0.002,4,REF,MS
Steven Palazzo,99.21799999999999,4,R,MS
Michael Ted Evans,0.48,3,D,MS
Matthew Holland,0.0,3,REF,MS
Michael Guest,99.52,3,R,MS
Bennie G. Thompson,100.0,2,D,MS
Irving Harris,0.0,2,REF,MS
Others,0.0,2,,MS
Randy Wadkins,0.07200000000000001,1,D,MS
Tracella Lou O'Hara Hill,0.0,1,REF,MS
Trent Kelly,99.928,1,R,MS
Kathleen Williams,34.528,1,D,MT
Elinor Swanson,0.004,1,LIB,MT
Greg Gianforte,65.468,1,R,MT
Dan McCready,50.038000000000004,9,D,NC
Jeff Scott,0.002,9,LIB,NC
Mark Harris,49.96,9,R,NC
Frank McNeill,13.211999999999998,8,D,NC
Richard Hudson,86.788,8,R,NC
Kyle Horton,18.44,7,D,NC
David Fallin,0.004,7,CON,NC
David Rouzer,81.556,7,R,NC
Ryan Watts,16.028000000000002,6,D,NC
Mark Walker,83.97200000000001,6,R,NC
DD Adams,4.728000000000001,5,D,NC
Virginia Foxx,95.272,5,R,NC
David Price,100.0,4,D,NC
Barbara Howe,0.0,4,LIB,NC
Steve Von Loor,0.0,4,R,NC
Walter B. Jones,100.0,3,R,NC
Linda Coleman,38.29,2,D,NC
Jeff Matemu,0.0,2,LIB,NC
George Holding,61.71,2,R,NC
Kathy Manning,35.82,13,D,NC
Ted Budd,64.18,13,R,NC
Others,0.0,13,,NC
Alma Adams,100.0,12,D,NC
Paul Wright,0.0,12,R,NC
Phillip G. Price,0.362,11,D,NC
Clifton Ingram Jr.,0.0,11,LIB,NC
Mark Meadows,99.638,11,R,NC
David Brown,0.308,10,D,NC
Patrick T. McHenry,99.69200000000001,10,R,NC
G.K. Butterfield,100.0,1,D,NC
Roger Allison,0.0,1,R,NC
Mac Schneider,0.608,1,D,ND
Charles Tuttle,0.0,1,IND,ND
Kelly Armstrong,99.392,1,R,ND
Paul Theobald,0.002,3,D,NE
Adrian Smith,99.998,3,R,NE
Kara Eastman,38.032,2,D,NE
Don Bacon,61.968,2,R,NE
Jessica McClure,0.15,1,D,NE
Jeff Fortenberry,99.85000000000001,1,R,NE
Ann Kuster,99.53800000000001,2,D,NH
Steven Negron,0.462,2,R,NH
Others,0.0,2,,NH
Chris Pappas,87.532,1,D,NH
Eddie Edwards,12.468,1,R,NH
Others,0.0,1,,NH
Bill Pascrell Jr.,100.0,9,D,NJ
Claudio Belusic,0.0,9,LIB,NJ
Eric P. Fisher,0.0,9,R,NJ
Albio Sires,100.0,8,D,NJ
John R. Muniz,0.0,8,R,NJ
Others,0.0,8,,NJ
Tom Malinowski,63.734,7,D,NJ
Leonard Lance,36.266,7,R,NJ
Others,0.0,7,,NJ
Frank Pallone Jr.,99.98599999999999,6,D,NJ
Richard J. Pezzullo,0.013999999999999999,6,R,NJ
Josh Gottheimer,96.112,5,D,NJ
John J. McCann Jr.,3.888,5,R,NJ
Others,0.0,5,,NJ
Joshua Welle,7.756,4,D,NJ
Chris Smith,92.244,4,R,NJ
Others,0.0,4,,NJ
Andy Kim,62.763999999999996,3,D,NJ
Lawrence Berlinski Jr.,0.0,3,CON,NJ
Tom MacArthur,37.236000000000004,3,R,NJ
Jeff Van Drew,97.694,2,D,NJ
Seth Grossman,2.306,2,R,NJ
Others,0.0,2,,NJ
Bonnie Watson Coleman,100.0,12,D,NJ
Daryl Kipnis,0.0,12,R,NJ
Mikie Sherrill,84.77799999999999,11,D,NJ
Jay Webber,15.222,11,R,NJ
Others,0.0,11,,NJ
Donald Payne Jr.,100.0,10,D,NJ
Agha Khan,0.0,10,R,NJ
Others,0.0,10,,NJ
Donald Norcross,99.988,1,D,NJ
Paul E. Dilks,0.012,1,R,NJ
Others,0.0,1,,NJ
Ben R. Lujan,99.998,3,D,NM
Christopher Manning,0.0,3,LIB,NM
Jerald Steve McFall,0.002,3,R,NM
Xochitl Torres Small,43.388,2,D,NM
Yvette Herrell,56.611999999999995,2,R,NM
Debra A. Haaland,98.0,1,D,NM
Lloyd Princeton,0.002,1,LIB,NM
Janice E. Arnold-Jones,1.9980000000000002,1,R,NM
Steven A. Horsford,81.872,4,D,NV
Cresent Hardy,18.128,4,R,NV
Others,0.0,4,,NV
Susie Lee,71.474,3,D,NV
Danny Tarkanian,28.526,3,R,NV
Others,0.0,3,,NV
Clint Koble,5.33,2,D,NV
Mark Amodei,94.67,2,R,NV
Dina Titus,99.97200000000001,1,D,NV
Joyce Bentley,0.027999999999999997,1,R,NV
Others,0.0,1,,NV
Yvette D. Clarke,100.0,9,D,NY
Joel Anabilah-Azumah,0.0,9,Reform Party,NY
Lutchi Gayot,0.0,9,R,NY
Hakeem Jeffries,100.0,8,D,NY
Others,0.0,8,,NY
Nydia M. Velázquez,100.0,7,D,NY
Others,0.0,7,,NY
Grace Meng,99.998,6,D,NY
Tom Hillgardner,0.002,6,GRE,NY
Gregory W. Meeks,100.0,5,D,NY
Kathleen Rice,99.936,4,D,NY
Ameer Benno,0.064,4,R,NY
Thomas Suozzi,99.556,3,D,NY
Dan DeBono,0.44400000000000006,3,R,NY
Nate McMurray,27.842,27,D,NY
Larry Piegza,0.0,27,REF,NY
Chris Collins,72.158,27,R,NY
Brian Higgins,99.998,26,D,NY
Renee Zeno,0.002,26,R,NY
Joseph D. Morelle,99.768,25,D,NY
Jim Maxwell,0.232,25,R,NY
Dana Balter,27.43,24,D,NY
John Katko,72.57000000000001,24,R,NY
Tracy Mitrano,11.944,23,D,NY
Tom Reed,88.056,23,R,NY
Anthony Brindisi,59.922,22,D,NY
Claudia Tenney,40.078,22,R,NY
Tedra L. Cobb,9.876,21,D,NY
Lynn Kahn,0.004,21,GRE,NY
Elise Stefanik,90.12,21,R,NY
Paul D. Tonko,99.988,20,D,NY
Francis Vitollo,0.012,20,R,NY
Liuba Grechen Shirley,25.762,2,D,NY
Pete King,74.238,2,R,NY
Antonio Delgado,55.852000000000004,19,D,NY
John Faso,44.146,19,R,NY
Others,0.0,19,,NY
Sean Patrick Maloney,99.07000000000001,18,D,NY
James O'Donnell,0.9299999999999999,18,R,NY
Nita Lowey,99.978,17,D,NY
Joseph Ciardullo,0.022000000000000002,17,REF,NY
Eliot Engel,100.0,16,D,NY
José E. Serrano,100.0,15,D,NY
Jason Gonzalez,0.0,15,R,NY
Alexandria Ocasio-Cortez,100.0,14,D,NY
Joseph Crowley,0.0,14,WOF,NY
Anthony Pappas,0.0,14,R,NY
Adriano Espaillat,100.0,13,D,NY
Jineea Butler,0.0,13,R,NY
Carolyn Maloney,100.0,12,D,NY
Scott Hutchins,0.0,12,GRE,NY
Eliot Rabin,0.0,12,R,NY
Max N. Rose,20.46,11,D,NY
Henry Bardel,0.0,11,G,NY
Daniel Donovan,79.54,11,R,NY
Jerrold Nadler,100.0,10,D,NY
Naomi Levin,0.0,10,R,NY
Perry Gershon,15.256,1,D,NY
Lee Zeldin,84.744,1,R,NY
Others,0.0,1,,NY
Marcy Kaptur,100.0,9,D,OH
Steven W. Kraus,0.0,9,R,OH
Vanessa Enoch,0.026,8,D,OH
Warren Davidson,99.97399999999999,8,R,OH
Ken Harbaugh,7.808,7,D,OH
Bob Gibbs,92.192,7,R,OH
Shawna Roberts,0.016,6,D,OH
Bill Johnson,99.984,6,R,OH
J. Michael Galbraith,0.234,5,D,OH
Don Kissick,0.004,5,LIB,OH
Robert E. Latta,99.762,5,R,OH
Janet Garrett,5.176,4,D,OH
Jim Jordan,94.824,4,R,OH
Joyce Beatty,99.998,3,D,OH
Jim Burgess,0.002,3,R,OH
Jill Schiller,4.89,2,D,OH
James Condit Jr.,0.004,2,GRE,OH
Brad Wenstrup,95.106,2,R,OH
Susan Moran Palmer,5.666,16,D,OH
Anthony Gonzalez,94.33399999999999,16,R,OH
Rick Neal,2.5,15,D,OH
Johnathan Miller,0.0,15,LIB,OH
Steve Stivers,97.5,15,R,OH
Betsy Rader,16.317999999999998,14,D,OH
David Joyce,83.682,14,R,OH
Tim Ryan,99.99,13,D,OH
Chris DePizzo,0.01,13,R,OH
Danny O'Connor,39.07,12,D,OH
Joe Manchik,0.002,12,GRE,OH
Troy Balderson,60.928000000000004,12,R,OH
Marcia L. Fudge,100.0,11,D,OH
Beverly A. Goldstein,0.0,11,R,OH
Theresa A. Gasper,9.828000000000001,10,D,OH
David Harlow,0.004,10,LIB,OH
Michael Turner,90.168,10,R,OH
Aftab Pureval,22.086,1,D,OH
Dirk Kubala,0.006,1,LIB,OH
Steve Chabot,77.908,1,R,OH
Kendra Horn,18.310000000000002,5,D,OK
Steve Russell,81.69,5,R,OK
Mary Brannon,0.006,4,D,OK
Ruby Peters,0.0,4,I,OK
Tom Cole,99.994,4,R,OK
Frankie Robbins,0.013999999999999999,3,D,OK
Frank Lucas,99.98599999999999,3,R,OK
Jason Nichols,0.268,2,D,OK
Markwayne Mullin,99.732,2,R,OK
Others,0.0,2,,OK
Tim Gilpin,0.18,1,D,OK
Kevin Hern,99.82,1,R,OK
Kurt Schrader,84.176,5,D,OR
Mark Callahan,15.824,5,R,OR
Others,0.0,5,,OR
Peter DeFazio,99.492,4,D,OR
Michael Bellstein,0.0,4,GRE,OR
Arthur B. Robinson,0.508,4,R,OR
Earl Blumenauer,100.0,3,D,OR
Others,0.0,3,,OR
Jamie McLeod-Skinner,0.536,2,D,OR
Mark Roberts,0.002,2,IPO,OR
Greg Walden,99.46199999999999,2,R,OR
Suzanne Bonamici,99.988,1,D,OR
Drew Layda,0.0,1,LIB,OR
John Verbeek,0.012,1,R,OR
Denny Wolff,0.624,9,D,PA
Dan Meuser,99.376,9,R,PA
Matt Cartwright,88.374,8,D,PA
John Chrin,11.626,8,R,PA
Susan Wild,96.5,7,D,PA
Tim Silfies,0.004,7,L,PA
Marty Nothstein,3.496,7,R,PA
Chrissy Houlahan,98.884,6,D,PA
Greg McCauley,1.1159999999999999,6,R,PA
Mary Gay Scanlon,99.98599999999999,5,D,PA
Pearl Kim,0.013999999999999999,5,R,PA
Madeleine Dean,99.88,4,D,PA
Dan David,0.12,4,R,PA
Dwight Evans,100.0,3,D,PA
Bryan E. Leib,0.0,3,R,PA
Brendan Boyle,100.0,2,D,PA
David Torres,0.0,2,R,PA
Mike Doyle,100.0,18,D,PA
Conor Lamb,94.586,17,D,PA
Keith Rothfus,5.414,17,R,PA
Ron DiNicola,6.432,16,D,PA
Ebert G Bill Beeman,0.006,16,L,PA
Mike Kelly,93.562,16,R,PA
Susan Boser,0.008,15,D,PA
Glenn W. Thompson,99.992,15,R,PA
Bibiana Boerio,0.876,14,D,PA
Guy Reschenthaler,99.124,14,R,PA
Brent Ottaway,0.01,13,D,PA
John Joyce,99.99,13,R,PA
Marc Friedenberg,0.032,12,D,PA
Tom Marino,99.968,12,R,PA
Jess King,6.768000000000001,11,D,PA
Lloyd Smucker,93.232,11,R,PA
George Scott,35.36,10,D,PA
Scott Perry,64.64,10,R,PA
Scott Wallace,49.34,1,D,PA
Brian Fitzpatrick,50.660000000000004,1,R,PA
Jim Langevin,99.994,2,D,RI
Salvatore Caiozzo,0.006,2,R,RI
David Cicilline,99.996,1,D,RI
Patrick Donovan,0.004,1,R,RI
Robert Williams,0.826,7,D,SC
Tom Rice,99.17399999999999,7,R,SC
James E. Clyburn,99.998,6,D,SC
Bryan Pugh,0.0,6,GRE,SC
Gerhard Gressmann,0.002,6,R,SC
Archie Parnell,2.076,5,D,SC
Michael Chandler,0.0,5,CON,SC
Ralph Norman,97.924,5,R,SC
Brandon Brown,0.024,4,D,SC
Guy Furay,0.002,4,AME,SC
William Timmons,99.97399999999999,4,R,SC
Mary Geren,0.058,3,D,SC
Dave Moore,0.0,3,AME,SC
Jeff Duncan,99.942,3,R,SC
Sean Carrigan,0.918,2,D,SC
Sonny Narang,0.0,2,AME,SC
Joe Wilson,99.08200000000001,2,R,SC
Joe Cunningham,10.24,1,D,SC
Katie Arrington,89.75999999999999,1,R,SC
Tim Bjorkman,1.246,1,D,SD
Dusty Johnson,98.75399999999999,1,R,SD
Others,0.0,1,,SD
Steve Cohen,99.998,9,D,TN
Leo AwGoWhat,0.002,9,IND,TN
Charlotte Bergmann,0.0,9,R,TN
Erika Stotts Pearson,0.006,8,D,TN
James Hart,0.0,8,IND,TN
David Kustoff,99.994,8,R,TN
Justin Kanew,0.03,7,D,TN
Mark E. Green,99.97,7,R,TN
Others,0.0,7,,TN
Dawn Barlow,0.004,6,D,TN
John Rose,99.996,6,R,TN
Others,0.0,6,,TN
Jim Cooper,99.99,5,D,TN
Jody M. Ball,0.01,5,R,TN
Mariah Phillips,0.822,4,D,TN
Michael Shupe,0.0,4,IND,TN
Scott DesJarlais,99.178,4,R,TN
Danielle Mitchell,0.074,3,D,TN
Rick Tyler,0.0,3,IND,TN
Chuck Fleischmann,99.926,3,R,TN
Renee Hoyos,0.026,2,D,TN
Tim Burchett,99.97399999999999,2,R,TN
Others,0.0,2,,TN
Marty Olsen,0.002,1,D,TN
Michael Salyer,0.0,1,IND,TN
Phil Roe,99.998,1,R,TN
Al Green,100.0,9,D,TX
Others,0.0,9,,TX
Steven David,0.0,8,D,TX
Chris Duncan,0.0,8,LIB,TX
Kevin Brady,100.0,8,R,TX
Lizzie Pannill Fletcher,47.602,7,D,TX
John Culberson,52.398,7,R,TX
Jana Lynne Sanchez,6.343999999999999,6,D,TX
Jason Harber,0.004,6,LIB,TX
Ron Wright,93.652,6,R,TX
Dan Wood,0.052,5,D,TX
Lance Gooden,99.94800000000001,5,R,TX
Catherine Krantz,0.004,4,D,TX
Ken Ashby,0.0,4,LIB,TX
John Ratcliffe,99.996,4,R,TX
Dayna Steele,0.002,36,D,TX
Brian Babin,99.998,36,R,TX
Lloyd Doggett,99.99,35,D,TX
Clark Patterson,0.002,35,LIB,TX
David Smalling,0.008,35,R,TX
Filemon Vela,99.97399999999999,34,D,TX
Rey Gonzalez,0.026,34,R,TX
Marc Veasey,100.0,33,D,TX
Jason Reeves,0.0,33,LIB,TX
Willie Billups,0.0,33,R,TX
Colin Allred,31.952,32,D,TX
Melina Baker,0.002,32,LIB,TX
Pete Sessions,68.04599999999999,32,R,TX
Mary Jennings Hegar,8.01,31,D,TX
Jason Hope,0.002,31,LIB,TX
John Carter,91.988,31,R,TX
Eddie Bernice Johnson,99.998,30,D,TX
Shawn Jones,0.002,30,LIB,TX
Lorie Burch,1.004,3,D,TX
Christopher Claytor,0.002,3,LIB,TX
Van Taylor,98.994,3,R,TX
Sylvia R. Garcia,99.998,29,D,TX
Cullen Burns,0.002,29,LIB,TX
Phillip Aronoff,0.0,29,R,TX
Henry Cuellar,99.982,28,D,TX
Arthur Thomas IV,0.018000000000000002,28,LIB,TX
Eric Holguin,0.218,27,D,TX
Michael Cloud,99.78200000000001,27,R,TX
Others,0.0,27,,TX
Linsey Fagan,0.098,26,D,TX
Mark Boler,0.0,26,LIB,TX
Michael Burgess,99.902,26,R,TX
Julie Oliver,12.914,25,D,TX
Desarae Lindsey,0.004,25,LIB,TX
Roger Williams,87.08200000000001,25,R,TX
Jan McDowell,4.686,24,D,TX
Kenny Marchant,95.314,24,R,TX
Gina Ortiz Jones,24.041999999999998,23,D,TX
Ruben Corvalan,0.002,23,LIB,TX
Will Hurd,75.956,23,R,TX
Sri Preston Kulkarni,19.548,22,D,TX
Pete Olson,80.452,22,R,TX
Others,0.0,22,,TX
Joseph Kopser,17.322000000000003,21,D,TX
Lee Santos,0.006,21,LIB,TX
Chip Roy,82.672,21,R,TX
Joaquin Castro,99.98,20,D,TX
Jeffrey Blunt,0.02,20,LIB,TX
Todd Litton,9.304,2,D,TX
Dan Crenshaw,90.696,2,R,TX
Others,0.0,2,,TX
Miguel Levario,0.0,19,D,TX
Jodey Arrington,100.0,19,R,TX
Sheila Jackson Lee,100.0,18,D,TX
Ava Reynero Pate,0.0,18,R,TX
Others,0.0,18,,TX
Rick Kennedy,0.306,17,D,TX
Peter Churchman,0.0,17,LIB,TX
Bill Flores,99.694,17,R,TX
Veronica Escobar,100.0,16,D,TX
Ben Mendoza,0.0,16,IND,TX
Rick Seeberger,0.0,16,R,TX
Vicente Gonzalez,99.942,15,D,TX
Anthony Cristo,0.0,15,LIB,TX
Tim Westley,0.058,15,R,TX
Adrienne Bell,1.174,14,D,TX
Don Conley III,0.002,14,LIB,TX
Randy Weber,98.824,14,R,TX
Greg Sagan,0.0,13,D,TX
Calvin DeWeese,0.0,13,LIB,TX
Mac Thornberry,100.0,13,R,TX
Vanessa Adia,0.0,12,D,TX
Jacob Leddy,0.0,12,LIB,TX
Kay Granger,100.0,12,R,TX
Jennie Lou Leeder,0.0,11,D,TX
Rhett Rosenquest Smith,0.002,11,LIB,TX
K. Michael Conaway,99.998,11,R,TX
Mike Siegel,6.529999999999999,10,D,TX
Mike Ryan,0.002,10,LIB,TX
Michael T. McCaul,93.46799999999999,10,R,TX
Shirley McKellar,0.002,1,D,TX
Jeff Callaway,0.0,1,LIB,TX
Louie Gohmert,99.998,1,R,TX
Ben McAdams,40.386,4,D,UT
Mia Love,59.614,4,R,UT
James Singer,0.006,3,D,UT
John R. Curtis,99.994,3,R,UT
Others,0.0,3,,UT
Shireen Ghorbani,1.764,2,D,UT
Jeffrey Whipple,0.013999999999999999,2,LIB,UT
Chris Stewart,98.222,2,R,UT
Lee Castillo,0.03,1,D,UT
Rob Bishop,99.97,1,R,UT
Others,0.0,1,,UT
Anthony Flaccavento,0.804,9,D,VA
Morgan Griffith,99.196,9,R,VA
Don Beyer,100.0,8,D,VA
Thomas Oh,0.0,8,R,VA
Abigail Spanberger,41.764,7,D,VA
Joe Walton,0.002,7,LIB,VA
Dave Brat,58.233999999999995,7,R,VA
Jennifer Lewis,0.5519999999999999,6,D,VA
Ben Cline,99.44800000000001,6,R,VA
Leslie Cockburn,45.756,5,D,VA
Denver Riggleman,54.244,5,R,VA
A. Donald McEachin,99.884,4,D,VA
Pete Wells,0.002,4,L,VA
Ryan McAdams,0.11399999999999999,4,R,VA
Robert C. Scott,100.0,3,D,VA
Elaine Luria,26.491999999999997,2,D,VA
Scott Taylor,73.508,2,R,VA
Gerald E. Connolly,99.98599999999999,11,D,VA
Stevan Porter,0.004,11,LIB,VA
Jeff Dove,0.01,11,R,VA
Jennifer Wexton,88.046,10,D,VA
Barbara Comstock,11.953999999999999,10,R,VA
Vangie Williams,3.26,1,D,VA
Robert J. Wittman,96.74000000000001,1,R,VA
Peter Welch,100.0,1,D,VT
Anya Tynio,0.0,1,R,VT
Others,0.0,1,,VT
Adam Smith,98.41,9,D,WA
Sarah Smith,1.59,9,D,WA
Kim Schrier,50.32600000000001,8,D,WA
Dino Rossi,49.674,8,R,WA
Pramila Jayapal,100.0,7,D,WA
Craig Keller,0.0,7,R,WA
Derek Kilmer,99.952,6,D,WA
Douglas Dightman,0.048,6,R,WA
Lisa Brown,23.658,5,D,WA
Cathy McMorris Rodgers,76.342,5,R,WA
Christine Brown,0.44999999999999996,4,D,WA
Dan Newhouse,99.55000000000001,4,R,WA
Carolyn Long,29.183999999999997,3,D,WA
Jaime Herrera Beutler,70.816,3,R,WA
Rick Larsen,99.966,2,D,WA
Brian Luke,0.034,2,L,WA
Denny Heck,99.964,10,D,WA
Joseph Brumbles,0.036000000000000004,10,R,WA
Suzan DelBene,99.884,1,D,WA
Jeffrey Beeler,0.116,1,R,WA
Beau Liegeois,0.544,8,D,WI
Mike Gallagher,99.456,8,R,WI
Margaret Engebretson,0.7080000000000001,7,D,WI
Ken Driessen,0.0,7,DPD,WI
Sean P. Duffy,99.292,7,R,WI
Dan Kohl,24.156,6,D,WI
Glenn Grothman,75.842,6,R,WI
Tom Palzewicz,1.468,5,D,WI
F. James Sensenbrenner,98.532,5,R,WI
Gwen Moore,99.996,4,D,WI
Robert R. Raymond,0.002,4,I,WI
Tim Rogers,0.002,4,R,WI
Ron Kind,99.614,3,D,WI
Steve Toft,0.386,3,R,WI
Mark Pocan,100.0,2,D,WI
Randy Bryce,18.823999999999998,1,D,WI
Ken Yorgan,0.006,1,I,WI
Bryan Steil,81.17,1,R,WI
Richard Ojeda,12.468,3,D,WV
Carol Miller,87.532,3,R,WV
Talley Sergent,6.022,2,D,WV
Daniel Lutz Jr.,0.0,2,Mountain,WV
Alex Mooney,93.978,2,R,WV
Kendra Fershee,0.146,1,D,WV
David McKinley,99.854,1,R,WV
Greg Hunter,0.012,1,D,WY
Liz Cheney,99.988,1,R,WY
Others,0.0,1,,WY
